{"files":{"base.html":{"frameworks":["KhuniNew20180616","pg.project.items","pg.fontawesome","pg.image.overlay","pg.code-validator","pg.insight.events","pg.asset.manager","pg.zplatforma","bs4","pg.html","pg.components"],"last_page_width":1024}},"breakpoints":["575.98px","576px","767.98px","768px","991.98px","992px","1199.98px","1200px"],"frameworks":["KhuniNew20180616","pg.project.items","pg.fontawesome","pg.image.overlay","pg.code-validator","pg.insight.events","pg.asset.manager","pg.zplatforma","bs4","pg.html","pg.components"],"template_framework_id":"pg.zplatforma"}