{"files":{"master.html":{"frameworks":["examples","pagelib","pg.insight.events","pg.asset.manager","pg.project.items","pg.code-validator","bs4","pg.html","pg.components"],"last_page_width":1024},"index.html":{"frameworks":["pagelib","pg.insight.events","pg.code-validator","pg.asset.manager","pg.project.items","bs4","pg.html","pg.components"],"last_page_width":1024},"modals.html":{"frameworks":["pagelib","pg.insight.events","pg.code-validator","pg.project.items","pg.asset.manager","bs4.mt","pg.html","pg.components"],"last_page_width":1024},"images.html":{"frameworks":["pagelib","pg.insight.events","pg.code-validator","pg.asset.manager","pg.project.items","bs4","pg.html","pg.components"],"last_page_width":1024}},"breakpoints":["576px","768px","992px","1200px"],"frameworks":["pagelib","pg.insight.events","pg.code-validator","pg.asset.manager","pg.project.items","bs4","pg.html","pg.components"],"template_framework_id":"bootstrap","cs-for-overrides":"style.css"}