{"files":{"base.html":{"frameworks":["ScubaLast","pg.insight.events","pg.asset.manager","pg.project.items","pg.code-validator","pg.fontawesome","pg.css.grid","pg.zplatforma","pg.image.overlay","bs4","pg.html","pg.components"],"last_page_width":1024},"new.html":{"frameworks":["ScubaLast","pg.asset.manager","pg.project.items","pg.code-validator","pg.insight.events","pg.css.grid","pg.image.overlay","pg.fontawesome","bs4","pg.html","pg.components"],"last_page_width":1024},"new2.html":{"frameworks":["ScubaLast","pg.insight.events","pg.asset.manager","pg.project.items","pg.css.grid","pg.fontawesome","pg.code-validator","pg.image.overlay","bs4","pg.html","pg.components"],"last_page_width":1280},"newslider.html":{"frameworks":["ScubaLast","pg.asset.manager","pg.project.items","pg.code-validator","pg.insight.events","pg.css.grid","pg.image.overlay","pg.fontawesome","bs4","pg.html","pg.components"],"last_page_width":1280},"last.html":{"frameworks":["ScubaLast","pg.asset.manager","pg.project.items","ZHelperPlugin","pg.code-validator","pg.insight.events","pg.image.overlay","pg.css.grid","pg.fontawesome","bs4","pg.html","pg.components"],"last_page_width":1280},"index.html":{"frameworks":["ScubaLast","pg.insight.events","pg.css.grid","pg.image.overlay","pg.code-validator","pg.project.items","pg.asset.manager","bs4","pg.html","pg.components"],"last_page_width":1024},"last-owl.html":{"frameworks":["ScubaLast","pg.asset.manager","pg.project.items","ZHelperPlugin","pg.code-validator","pg.insight.events","pg.image.overlay","pg.css.grid","pg.fontawesome","bs4","pg.html","pg.components"],"last_page_width":1280},"last-owl2.html":{"frameworks":["ScubaLast","pg.insight.events","pg.project.items","ZHelperPlugin","pg.code-validator","pg.fontawesome","pg.asset.manager","pg.image.overlay","pg.css.grid","bs4","pg.html","pg.components"],"last_page_width":1280},"carousel.html":{"frameworks":["ScubaLast","pg.insight.events","pg.css.grid","pg.image.overlay","pg.code-validator","pg.project.items","pg.asset.manager","bs4","pg.html","pg.components"],"last_page_width":1024},"last-20181004.html":{"frameworks":["ScubaLast","ZHelperPlugin","pg.asset.manager","pg.project.items","pg.code-validator","pg.insight.events","pg.css.grid","pg.image.overlay","pg.fontawesome","bs4","pg.html","pg.components"],"last_page_width":1280},"yeni.html":{"frameworks":["ScubaLast","ZHelperPlugin","pg.asset.manager","pg.project.items","pg.code-validator","pg.insight.events","pg.image.overlay","pg.fontawesome","pg.css.grid","bs4","pg.html","pg.components"],"last_page_width":1024},"test.html":{"frameworks":["ScubaLast","pg.code-validator","pg.insight.events","pg.css.grid","pg.image.overlay","ZHelperPlugin","pg.project.items","pg.asset.manager","bs4","pg.html","pg.components"],"last_page_width":1024},"yeni2.html":{"frameworks":["ScubaLast","ZHelperPlugin","pg.asset.manager","pg.project.items","pg.code-validator","pg.insight.events","pg.image.overlay","pg.fontawesome","pg.css.grid","bs4","pg.html","pg.components"],"last_page_width":1280}},"breakpoints":["576px","768px","992px","1200px"],"frameworks":["ScubaLast","ZHelperPlugin","pg.asset.manager","pg.project.items","pg.code-validator","pg.insight.events","pg.image.overlay","pg.fontawesome","pg.css.grid","bs4","pg.html","pg.components"],"template_framework_id":"pg.zplatforma","useSourceStylesheet":{"css/base.css":"false"},"cs-for-overrides":"yeni.css"}